{
  "segments": [
    {
      "id": 0,
      "end": 7,
      "seek": 0,
      "text": " Welcome to Larry King now. Our special guest is Gary Vaynerchuk. The self-proclaimed hustler is a digital",
      "start": 0,
      "tokens": [
        50364,
        4027,
        281,
        18145,
        3819,
        586,
        13,
        2621,
        2121,
        8341,
        307,
        13788,
        39556,
        1193,
        339,
        2034,
        13,
        440,
        2698,
        12,
        4318,
        66,
        22642,
        25822,
        1918,
        307,
        257,
        4562,
        50714,
        50714,
        3021,
        13172,
        425,
        3793,
        11,
        3670,
        855,
        3975,
        293,
        18474,
        31354,
        3654,
        867,
        661,
        721,
        13,
        1018,
        264,
        9282,
        51064,
        51064,
        293,
        598,
        12,
        33348,
        295,
        39556,
        1193,
        44,
        14212,
        11,
        13788,
        21573,
        264,
        27417,
        3743,
        3088,
        855,
        12320,
        13788,
        691,
        293,
        51414,
        51414,
        575,
        34911,
        292,
        1045,
        1873,
        3609,
        11366,
        1151,
        30427,
        3642,
        13,
        13788,
        575,
        668,
        4926,
        281,
        38508,
        27618,
        311,
        51714,
        51714
      ],
      "avg_logprob": -0.23069727420806885,
      "temperature": 0,
      "no_speech_prob": 0.41108691692352295,
      "compression_ratio": 1.4960629921259843
    },
    {
      "id": 1,
      "end": 14,
      "seek": 0,
      "text": " media mogul author, web show host and venture capitalist among many other things. As the CEO",
      "start": 7,
      "tokens": [
        50364,
        4027,
        281,
        18145,
        3819,
        586,
        13,
        2621,
        2121,
        8341,
        307,
        13788,
        39556,
        1193,
        339,
        2034,
        13,
        440,
        2698,
        12,
        4318,
        66,
        22642,
        25822,
        1918,
        307,
        257,
        4562,
        50714,
        50714,
        3021,
        13172,
        425,
        3793,
        11,
        3670,
        855,
        3975,
        293,
        18474,
        31354,
        3654,
        867,
        661,
        721,
        13,
        1018,
        264,
        9282,
        51064,
        51064,
        293,
        598,
        12,
        33348,
        295,
        39556,
        1193,
        44,
        14212,
        11,
        13788,
        21573,
        264,
        27417,
        3743,
        3088,
        855,
        12320,
        13788,
        691,
        293,
        51414,
        51414,
        575,
        34911,
        292,
        1045,
        1873,
        3609,
        11366,
        1151,
        30427,
        3642,
        13,
        13788,
        575,
        668,
        4926,
        281,
        38508,
        27618,
        311,
        51714,
        51714
      ],
      "avg_logprob": -0.23069727420806885,
      "temperature": 0,
      "no_speech_prob": 0.41108691692352295,
      "compression_ratio": 1.4960629921259843
    },
    {
      "id": 2,
      "end": 21,
      "seek": 0,
      "text": " and co-founder of VaynerMedia, Gary hosts the hugely popular YouTube show Ask Gary V and",
      "start": 14,
      "tokens": [
        50364,
        4027,
        281,
        18145,
        3819,
        586,
        13,
        2621,
        2121,
        8341,
        307,
        13788,
        39556,
        1193,
        339,
        2034,
        13,
        440,
        2698,
        12,
        4318,
        66,
        22642,
        25822,
        1918,
        307,
        257,
        4562,
        50714,
        50714,
        3021,
        13172,
        425,
        3793,
        11,
        3670,
        855,
        3975,
        293,
        18474,
        31354,
        3654,
        867,
        661,
        721,
        13,
        1018,
        264,
        9282,
        51064,
        51064,
        293,
        598,
        12,
        33348,
        295,
        39556,
        1193,
        44,
        14212,
        11,
        13788,
        21573,
        264,
        27417,
        3743,
        3088,
        855,
        12320,
        13788,
        691,
        293,
        51414,
        51414,
        575,
        34911,
        292,
        1045,
        1873,
        3609,
        11366,
        1151,
        30427,
        3642,
        13,
        13788,
        575,
        668,
        4926,
        281,
        38508,
        27618,
        311,
        51714,
        51714
      ],
      "avg_logprob": -0.23069727420806885,
      "temperature": 0,
      "no_speech_prob": 0.41108691692352295,
      "compression_ratio": 1.4960629921259843
    },
    {
      "id": 3,
      "end": 27,
      "seek": 0,
      "text": " has penned three New York Times bestselling books. Gary has been named to Fortune Magazine's",
      "start": 21,
      "tokens": [
        50364,
        4027,
        281,
        18145,
        3819,
        586,
        13,
        2621,
        2121,
        8341,
        307,
        13788,
        39556,
        1193,
        339,
        2034,
        13,
        440,
        2698,
        12,
        4318,
        66,
        22642,
        25822,
        1918,
        307,
        257,
        4562,
        50714,
        50714,
        3021,
        13172,
        425,
        3793,
        11,
        3670,
        855,
        3975,
        293,
        18474,
        31354,
        3654,
        867,
        661,
        721,
        13,
        1018,
        264,
        9282,
        51064,
        51064,
        293,
        598,
        12,
        33348,
        295,
        39556,
        1193,
        44,
        14212,
        11,
        13788,
        21573,
        264,
        27417,
        3743,
        3088,
        855,
        12320,
        13788,
        691,
        293,
        51414,
        51414,
        575,
        34911,
        292,
        1045,
        1873,
        3609,
        11366,
        1151,
        30427,
        3642,
        13,
        13788,
        575,
        668,
        4926,
        281,
        38508,
        27618,
        311,
        51714,
        51714
      ],
      "avg_logprob": -0.23069727420806885,
      "temperature": 0,
      "no_speech_prob": 0.41108691692352295,
      "compression_ratio": 1.4960629921259843
    },
    {
      "id": 4,
      "end": 33,
      "seek": 2700,
      "text": " 40 under 40 list of the most influential business leaders and holds the number one ranking",
      "start": 27,